<?xml version="1.0" encoding="UTF-8"?>
<!DOCTYPE configuration
  PUBLIC "-//mybatis.org//DTD Config 3.0//EN"
  "http://mybatis.org/dtd/mybatis-3-config.dtd">
<configuration>
<!-- 환경설정에 관련된 값을 외부에 정의하고 연결하여 사용할 수 있다. -->
<properties resource="properties/database.properties"/>
  <environments default="development">
    <environment id="development">
      <transactionManager type="JDBC"/>
      <dataSource type="POOLED">
        <property name="driver" value="${driver}"/>
        <property name="url" value="${url}"/>
        <property name="username" value="${username}"/>
        <property name="password" value="${password}"/>
      </dataSource>
    </environment>
  </environments>
  <mappers>
  	<!-- mapper추가 -->
    <mapper resource="kr/co/ss/member/mapper/memberMapper.xml"/>
    <mapper resource="kr/co/ss/lookbook/mapper/lookbookDetailMapper.xml"/>
    <mapper resource="kr/co/ss/lookbook/mapper/lookbookMainMapper.xml"/>
    <mapper resource="kr/co/ss/lookbook/mapper/lookbookMapper.xml"/>
    
	<mapper resource="kr/co/ss/order/mapper/orderMapper.xml"/>
    <mapper resource="kr/co/ss/product/mapper/productDetailUserMapper.xml"/>
    <mapper resource="kr/co/ss/product/mapper/productListUserMapper.xml"/>
   
  </mappers>
</configuration>