<?xml version="1.0" encoding="UTF-8"?>
<!DOCTYPE configuration
  PUBLIC "-//mybatis.org//DTD Config 3.0//EN"
  "http://mybatis.org/dtd/mybatis-3-config.dtd">
<configuration>
<!-- 환경설정에 관련된 값을 외부에 정의하고 연결하여 사용할 수 있다. -->
<properties resource="properties/database.properties"/>

<!-- typeAlias는 모든 mapper에서 긴 domain의 이름을 짧게 쓰기 위해서 설정하는 것 -->

  <environments default="development">
    <environment id="development">
      <transactionManager type="JDBC"/>
      <dataSource type="POOLED">
        <property name="driver" value="${driver}"/>
        <property name="url" value="${url}"/>
        <property name="username" value="${username}"/>
        <property name="password" value="${password}"/>
      </dataSource>
    </environment>
  </environments>
  <mappers>
    <mapper resource="kr/co/ss/admin/mapper/prodMapper.xml"/>
    <mapper resource="kr/co/ss/admin/mapper/usersMapper.xml"/>
    <mapper resource="kr/co/ss/admin/mapper/LBMapper.xml"/>
  </mappers>
</configuration>