<?xml version="1.0" encoding="UTF-8" ?>
<!DOCTYPE mapper
  PUBLIC "-//mybatis.org//DTD Mapper 3.0//EN"
  "http://mybatis.org/dtd/mybatis-3-mapper.dtd">
<mapper namespace="kr.co.ss.lookbook.lookbookDetailMapper">
		<select id="selectLbDetail" resultType="kr.co.ss.lookbook.domain.LbDetailDomain">
		
		select lb_posts_num, member_id, lb_title, lb_contents
		from lookbook 
		where lb_posts_num = #{lb_posts_num} 
	
	</select>
	
	<select id="selectComment" resultType="kr.co.ss.lookbook.domain.LbCommentDomain">
		select lb_comments_num, member_id, lb_comments, lb_comments_date
		from comments
		where lb_posts_num = #{lb_posts_num} 
	</select>
	
	
	<insert id="insertComment" parameterType="kr.co.ss.lookbook.vo.InsertCommentVO">
		insert into comments(lb_comments_num, lb_posts_num, member_id, lb_comments, lb_comments_date)
		values(seq_comments.nextval, #{lb_posts_num}, #{member_id}, #{lb_comments}, sysdate)
	</insert>

	<!-- 글삭제에서 댓글삭 -->
	<delete id="deleteCommentLb" parameterType="Integer">
		delete	from comments where lb_posts_num=#{lb_posts_num}
	
	</delete>
	
	<delete id="deleteImgLb" parameterType="Integer">
		delete	from lb_img where lb_posts_num=#{lb_posts_num}
	
	</delete>
	<delete id="deleteLb" parameterType="Integer">
		delete	from lookbook where lb_posts_num=#{lb_posts_num}
	
	</delete>
	
	<!-- 상세보기에서 댓글삭제 -->
	<delete id="deleteCommentDetail" parameterType="Integer">
		delete	from comments where lb_comments_num=#{lb_comments_num}
	
	</delete>
	
	<update id="updateLb" parameterType="kr.co.ss.lookbook.vo.UpdateLbVO">		
		update lookbook set lb_title = #{lb_title} , lb_contents = #{lb_contents} where lb_posts_num = #{lb_posts_num} and member_id=#{member_id}
	</update>
	
</mapper>
