<?xml version="1.0" encoding="UTF-8"?>
<!DOCTYPE mapper
  PUBLIC "-//mybatis.org//DTD Mapper 3.0//EN"
  "http://mybatis.org/dtd/mybatis-3-mapper.dtd">
<mapper namespace="kr.co.ss.member.memberMapper">

  	<!-- 회원가입 -->
	<insert id="insertMember" parameterType="kr.co.ss.member.vo.MemberVO">
		insert into MEMBER(MEMBER_ID, MEMBER_PW, MEMBER_NAME, MEMBER_PHONE, MEMBER_ZIPCODE, MEMBER_ADDR, MEMBER_EMAIL, MEMBER_GENDER, MEMBER_BIRTH, MEMBER_SIGN_DATE, MEMBER_WITHDRAWAL, MEMBER_DETAILED_ADDR)
		values( #{member_id}, #{member_pw}, #{member_name}, #{member_phone}, #{member_zipcode}, #{member_addr}, #{member_email}, #{member_gender}, #{member_birth}, to_char(sysdate, 'yyyy-mm-dd'), 'N', #{member_detailedAddr})
	</insert> 	
		
	<!-- 로그인 -->
	<select id="selectLogin" parameterType="kr.co.ss.member.vo.LoginVO" resultType="kr.co.ss.member.domain.LoginInfoDomain">
		select MEMBER_ID, MEMBER_WITHDRAWAL from MEMBER where MEMBER_ID = #{ member_id } and MEMBER_PW = #{ member_pw }
	</select>
	
	<!-- 관리자 로그인 -->
	<select id="selectAdminLogin" parameterType="kr.co.ss.member.vo.AdminLoginVO" resultType="kr.co.ss.member.domain.AdminLoginInfoDomain">
		select ADMIN_ID, ADMIN_PW from ADMIN where ADMIN_ID = #{ admin_id } and ADMIN_PW = #{ admin_pw }
	</select>
	
	<!-- 회원정보조회 -->
	<select id="selectMemberInfo" parameterType="String" resultType="kr.co.ss.member.domain.MemberSearchDomain">
		select MEMBER_NAME, MEMBER_PHONE, MEMBER_EMAIL, MEMBER_ZIPCODE, MEMBER_ADDR, MEMBER_DETAILED_ADDR, MEMBER_GENDER, MEMBER_BIRTH 
		from MEMBER 
		where MEMBER_ID = #{ id }
	</select>
	
	<!-- 비밀번호 변경 -->
	<update id="updatePassword"  parameterType="kr.co.ss.member.vo.PasswordUpdateVO">
		update MEMBER set MEMBER_PW= #{ member_pw } where MEMBER_ID = #{ member_id }
	</update>
	
	<!-- 회원탈퇴 -->
	<update id="deleteMember"  parameterType="String">
		update MEMBER set MEMBER_WITHDRAWAL ='Y' where MEMBER_ID = #{ member_id }
	</update>
	
	<!-- 아이디 중복확인 -->
	<select id="selectDupId" parameterType="String" resultType="String">
		select MEMBER_ID 
		from MEMBER 
		where MEMBER_ID = #{ idCk }
	</select>
	
	<!-- 회원정보 수정 -->
	<update id="updateMember" parameterType="kr.co.ss.member.vo.MemberUpdateVO">
		update MEMBER 
		set MEMBER_NAME = #{ member_name }, MEMBER_PHONE = #{ member_phone } ,MEMBER_ZIPCODE = #{ member_zipcode }, MEMBER_ADDR = #{ member_addr }, MEMBER_EMAIL = #{ member_email }, MEMBER_GENDER = #{ member_gender }, MEMBER_BIRTH = #{ member_birth }, MEMBER_DETAILED_ADDR = #{ member_detailed_Addr } 
		where MEMBER_ID = #{ member_id }
	</update> 
	
	<!-- 아이디 찾기 -->
	<select id="selectSearchId" resultType="kr.co.ss.member.domain.IdFindDomain" parameterType="kr.co.ss.member.vo.SearchIdVO">
		select MEMBER_ID, MEMBER_SIGN_DATE, MEMBER_NAME 
		from MEMBER 
		where MEMBER_NAME = #{ member_name } and MEMBER_EMAIL = #{ member_email }
	</select>
	
	<!-- 비밀번호 찾기 -->
	<select id="selectSearchPw" resultType="String" parameterType="kr.co.ss.member.vo.SearchPwVO">
		select MEMBER_PW 
		from MEMBER 
		where MEMBER_ID= #{ member_id } and MEMBER_NAME = #{ member_name } and MEMBER_EMAIL = #{ member_email }
	</select>
	
	
	
	
</mapper>
