<?xml version="1.0" encoding="UTF-8"?>
<!DOCTYPE mapper
  PUBLIC "-//mybatis.org//DTD Mapper 3.0//EN"
  "http://mybatis.org/dtd/mybatis-3-mapper.dtd">
<mapper namespace="kr.co.ss.admin.LBMapper">

<!-- 게시글리스트 -->
<select id="LBList" resultType="kr.co.ss.admin.domain.AdminLBListDomain">
select	lb_posts_num,lb_title,member_id,lb_write_date 
from	lookbook 
order	by lb_posts_num
</select>

<!-- 게시글보기 -->
<select id="LBInfo" resultType="kr.co.ss.admin.domain.AdminLBDetailDomain" parameterType="Integer">
select	lb_posts_num,lb_title,member_id,lb_contents
from	lookbook
where	lb_posts_num=#{lb_posts_num}
</select>

<!-- 게시글이미지보기 -->
<select id="LBImg" resultType="String" parameterType="Integer">
select	img
from	lb_img
where	lb_posts_num=#{lb_posts_num}
</select>

<!-- 게시글삭제 -->
<delete id="deleteLB" parameterType="Integer">
DELETE FROM lookbook 
WHERE lb_posts_num=${lb_posts_num}

</delete>

</mapper>
