<?xml version="1.0" encoding="UTF-8"?>
<!DOCTYPE mapper
  PUBLIC "-//mybatis.org//DTD Mapper 3.0//EN"
  "http://mybatis.org/dtd/mybatis-3-mapper.dtd">
<mapper namespace="kr.co.ss.admin.prodMapper">

<!-- 상품목록 -->
<select id="prodList" resultType="kr.co.ss.admin.domain.ProductListAdminDomain">
select prod_num, prod_name, prod_cat, prod_price, prod_explain,prod_delete
from product
order by prod_num desc
</select>

<!-- 상품정보 -->
<select id="prodInfo" resultType="kr.co.ss.admin.domain.ProductDetailAdminDomain" parameterType="Integer">
select	prod_num,prod_name,prod_price,prod_cat,prod_explain,prod_image,prod_add_date,prod_delete
from	product
where	prod_num=#{prod_num}
</select>

<!-- 상품추가 -->
<insert id="insertProd" parameterType="kr.co.ss.admin.vo.ProductInsertVO">
insert into PRODUCT(prod_num,prod_cat,prod_name,prod_price,prod_explain,prod_delete,prod_add_date,prod_image) 
values (PROD_NUM.NEXTVAL,#{prod_cat},#{prod_name},#{prod_price},#{prod_explain},#{prod_delete},#{prod_add_date},#{prod_image})

</insert>

 <!-- 상품수정 -->
<update id="modifyProd" parameterType="kr.co.ss.admin.vo.ProductModifyVO">
update	product
set		<if test="prod_name neq null">
		prod_name=#{prod_name}
		</if>
		<if test="prod_price neq null">
		<trim prefix="," prefixOverrides=",">prod_price=#{prod_price}</trim>
		</if>
		<if test="prod_explain neq null">
		<trim prefix="," prefixOverrides=",">prod_explain=#{prod_explain}</trim>
		</if>
		<if test="prod_image neq null">
		<trim prefix="," prefixOverrides=",">prod_image=#{prod_image}</trim>
		</if>
where	prod_num=#{prod_num}
</update>

<!-- 상품삭제 -->
<update id="deleteProd" parameterType="kr.co.ss.admin.vo.ProductDeleteVO">
	update product
	set prod_delete=#{prod_delete}
	where prod_num=#{prod_num}
</update>



</mapper>
